{
  "results": {
    "arc_challenge": {
      "acc": 0.5025597269624573,
      "acc_stderr": 0.014611199329843777,
      "acc_norm": 0.5435153583617748,
      "acc_norm_stderr": 0.014555949760496439
    },
    "arc_easy": {
      "acc": 0.8080808080808081,
      "acc_stderr": 0.00808080808080796,
      "acc_norm": 0.7954545454545454,
      "acc_norm_stderr": 0.008276958800002997
    },
    "boolq": {
      "acc": 0.8363914373088684,
      "acc_stderr": 0.006469941343840763
    },
    "hellaswag": {
      "acc": 0.6127265484963155,
      "acc_stderr": 0.0048613146132868434,
      "acc_norm": 0.8105954989046007,
      "acc_norm_stderr": 0.003910288117015163
    },
    "lambada_openai": {
      "ppl": 3.181388367482107,
      "ppl_stderr": 0.058369197945258765,
      "acc": 0.7568406753347564,
      "acc_stderr": 0.0059766767751295085
    },
    "openbookqa": {
      "acc": 0.328,
      "acc_stderr": 0.021017027165175485,
      "acc_norm": 0.44,
      "acc_norm_stderr": 0.022221331534143057
    },
    "piqa": {
      "acc": 0.8079434167573449,
      "acc_stderr": 0.00919074029512649,
      "acc_norm": 0.8215451577801959,
      "acc_norm_stderr": 0.008933575463062072
    },
    "sciq": {
      "acc": 0.959,
      "acc_stderr": 0.006273624021118748,
      "acc_norm": 0.938,
      "acc_norm_stderr": 0.0076298239962803065
    },
    "siqa": {
      "acc": 0.4273285568065507,
      "acc_stderr": 0.01119393034055127,
      "acc_norm": 0.4570112589559877,
      "acc_norm_stderr": 0.01127217546233142
    },
    "winogrande": {
      "acc": 0.7403314917127072,
      "acc_stderr": 0.012322700705552673
    }
  },
  "versions": {
    "arc_challenge": 0,
    "arc_easy": 0,
    "boolq": 1,
    "hellaswag": 0,
    "lambada_openai": 0,
    "openbookqa": 0,
    "piqa": 0,
    "sciq": 0,
    "siqa": 0,
    "winogrande": 0
  },
  "config": {
    "model": "gpt2",
    "model_args": "pretrained=kittn/mistral-7B-v0.1-hf,dtype=bfloat16,trust_remote_code=True,low_cpu_mem_usage=True,use_fast=False",
    "num_fewshot": 0,
    "batch_size": "8",
    "batch_sizes": [],
    "device": "cuda",
    "no_cache": true,
    "limit": null,
    "bootstrap_iters": 100000,
    "description_dict": {}
  }
}